{
  "派遣寿春启动": {
    "next": ["开始寻找寿春据点"],
    "interrupt": ["进入界面-据点"]
  },
  "找到寿春派遣角色1": {
    "recognition": "OCR",
    "expected": "周群",
    "roi": [71, 518, 584, 345],
    "action": "Click",
    "target_offset": [0, -35, 0, 0],
    "next": ["寿春派遣选人2"]
  },
  "找到寿春派遣角色2": {
    "recognition": "OCR",
    "expected": "毛",
    "roi": [71, 518, 584, 345],
    "action": "Click",
    "target_offset": [0, -35, 0, 0],
    "next": ["寿春派遣选人3"]
  },
  "找到寿春派遣角色3": {
    "recognition": "OCR",
    "expected": "李真",
    "replace": ["李眞", "李真"],
    "roi": [71, 518, 584, 345],
    "action": "Click",
    "target_offset": [0, -35, 0, 0],
    "next": ["寿春派遣时间设置"]
  },
  "开始寻找寿春据点": {
    "recognition": "TemplateMatch",
    "template": "base/base_check.png",
    "roi": [2, 1060, 182, 206],
    "green_mask": true,
    "action": "Swipe",
    "begin": [105, 709, 1, 1],
    "end": [655, 709, 1, 1],
    "next": ["找到寿春据点"],
    "interrupt": ["左滑-整屏"]
  },
  "找到寿春据点": {
    "recognition": "OCR",
    "expected": "寿春",
    "roi": [3, 796, 716, 144],
    "action": "Click",
    "next": ["检测寿春派遣情况"]
  },
  "检测寿春派遣情况": {
    "next": ["寿春派遣状态-前往派遣", "寿春派遣状态-召回", "寿春派遣状态-领取"]
  },
  "寿春派遣状态-召回": {
    "recognition": "OCR",
    "expected": "召回",
    "roi": [445, 649, 137, 59],
    "action": "Click",
    "target": [48, 44, 35, 40],
    "next": ["stop"]
  },
  "寿春派遣状态-前往派遣": {
    "recognition": "OCR",
    "expected": "前往派遣",
    "roi": [441, 645, 160, 57],
    "action": "Click",
    "next": ["进入寿春派遣选人界面"]
  },
  "进入寿春派遣选人界面": {
    "recognition": "OCR",
    "expected": "派遣",
    "roi": [305, 133, 106, 71],
    "action": "Click",
    "target": [212, 730, 69, 59],
    "next": ["寿春派遣选人1-取消默认角色"]
  },
  "寿春派遣选人1-取消默认角色": {
    "recognition": "OCR",
    "expected": "生效技能",
    "roi": [280, 195, 149, 61],
    "action": "Click",
    "target": [149, 524, 28, 41],
    "next": ["寿春派遣找人1-1"]
  },
  "寿春派遣找人1-1": {
    "next": ["找到寿春派遣角色1", "寿春派遣找人1-往下找"]
  },

  "寿春派遣找人1-往下找": {
    "action": "Swipe",
    "begin": [641, 778, 1, 1],
    "end": [645, 574, 1, 1],
    "post_delay": 2000,
    "next": ["寿春派遣找人1-2"]
  },
  "寿春派遣找人1-2": {
    "next": ["找到广陵派遣角色1"],
    "on_error": ["找不到派遣角色"],
    "timeout": 4000
  },
  "寿春派遣选人2": {
    "action": "Swipe",
    "begin": [645, 574, 1, 1],
    "end": [641, 778, 1, 1],
    "post_delay": 2000,
    "next": ["寿春派遣找人2-1"]
  },
  "寿春派遣找人2-1": {
    "next": ["找到寿春派遣角色2", "寿春派遣找人2-往下找"]
  },

  "寿春派遣找人2-往下找": {
    "action": "Swipe",
    "begin": [641, 778, 1, 1],
    "end": [645, 574, 1, 1],
    "post_delay": 2000,
    "next": ["寿春派遣找人2-2"]
  },
  "寿春派遣找人2-2": {
    "next": ["找到寿春派遣角色2"],
    "on_error": ["找不到派遣角色"],
    "timeout": 4000
  },
  "寿春派遣选人3": {
    "action": "Swipe",
    "begin": [645, 574, 1, 1],
    "end": [641, 778, 1, 1],
    "post_delay": 2000,
    "next": ["寿春派遣找人3-1"]
  },
  "寿春派遣找人3-1": {
    "next": ["找到寿春派遣角色3", "寿春派遣找人3-往下找"]
  },

  "寿春派遣找人3-往下找": {
    "action": "Swipe",
    "begin": [641, 778, 1, 1],
    "end": [645, 574, 1, 1],
    "post_delay": 2000,
    "next": ["寿春派遣找人3-2"]
  },
  "寿春派遣找人3-2": {
    "next": ["找到寿春派遣角色3"],
    "on_error": ["找不到派遣角色"],
    "timeout": 4000
  },
  "寿春派遣时间设置": {
    "action": "Swipe",
    "begin": [89, 933, 1, 1],
    "end": [635, 935, 1, 1],
    "next": ["点击确认寿春派遣"]
  },
  "点击确认寿春派遣": {
    "recognition": "OCR",
    "expected": "确认派遣",
    "roi": [436, 1050, 150, 62],
    "action": "Click",
    "next": ["体力不足check", "检测寿春派遣情况"],
    "post_delay": 2000
  },
  "寿春派遣状态-领取": {
    "recognition": "OCR",
    "expected": "领取",
    "roi": [461, 647, 123, 59],
    "action": "Click",
    "next": ["处理寿春派遣收获"]
  },
  "处理寿春派遣收获": {
    "recognition": "OCR",
    "expected": "点击空白处关闭",
    "roi": [12, 984, 708, 296],
    "action": "Click",
    "next": ["检测寿春派遣情况"]
  }
}
