status,name,ocr_score,source,row,column,raw_text,label_box,crop_box,output
written,装金玻璃,0.999822,C:\MaaY\tools\analytics\bag-items-sample-1.png,1,1,装金玻璃,"[77, 451, 79, 24]","[83, 355, 70, 58]",C:\MaaY\tools\analytics\bag-items-extracted\装金玻璃-bag.png
written,兵书全卷,0.99721,C:\MaaY\tools\analytics\bag-items-sample-1.png,1,2,兵书全卷,"[246, 451, 78, 24]","[251, 355, 70, 58]",C:\MaaY\tools\analytics\bag-items-extracted\兵书全卷-bag.png
written,兵书残卷,0.998509,C:\MaaY\tools\analytics\bag-items-sample-1.png,1,3,兵书残卷,"[416, 452, 77, 23]","[419, 356, 70, 58]",C:\MaaY\tools\analytics\bag-items-extracted\兵书残卷-bag.png
written,府君海棠,0.999886,C:\MaaY\tools\analytics\bag-items-sample-1.png,1,4,府君海棠,"[584, 451, 79, 24]","[587, 355, 70, 58]",C:\MaaY\tools\analytics\bag-items-extracted\府君海棠-bag.png
written,蟠龙鼓,0.999628,C:\MaaY\tools\analytics\bag-items-sample-1.png,2,1,蟠龙鼓,"[86, 639, 60, 25]","[83, 543, 70, 58]",C:\MaaY\tools\analytics\bag-items-extracted\蟠龙鼓-bag.png
written,银纹刀,0.999727,C:\MaaY\tools\analytics\bag-items-sample-1.png,2,2,银纹刀,"[255, 639, 59, 25]","[251, 543, 70, 58]",C:\MaaY\tools\analytics\bag-items-extracted\银纹刀-bag.png
written,玉龟盾,0.99874,C:\MaaY\tools\analytics\bag-items-sample-1.png,2,3,玉龟盾,"[424, 639, 60, 25]","[419, 543, 70, 58]",C:\MaaY\tools\analytics\bag-items-extracted\玉龟盾-bag.png
written,犀角弓,0.999289,C:\MaaY\tools\analytics\bag-items-sample-1.png,2,4,犀角弓,"[592, 639, 60, 25]","[587, 543, 70, 58]",C:\MaaY\tools\analytics\bag-items-extracted\犀角弓-bag.png
written,梦魂兰,0.999812,C:\MaaY\tools\analytics\bag-items-sample-1.png,3,1,梦魂兰,"[87, 827, 59, 26]","[83, 731, 70, 58]",C:\MaaY\tools\analytics\bag-items-extracted\梦魂兰-bag.png
written,震天鼓,0.999676,C:\MaaY\tools\analytics\bag-items-sample-1.png,3,2,震天鼓,"[255, 828, 60, 25]","[251, 732, 70, 58]",C:\MaaY\tools\analytics\bag-items-extracted\震天鼓-bag.png
written,青铜刀,0.992795,C:\MaaY\tools\analytics\bag-items-sample-1.png,3,3,青铜刀,"[424, 828, 60, 25]","[419, 732, 70, 58]",C:\MaaY\tools\analytics\bag-items-extracted\青铜刀-bag.png
written,彩纹盾,0.999885,C:\MaaY\tools\analytics\bag-items-sample-1.png,3,4,彩纹盾,"[592, 828, 60, 25]","[587, 732, 70, 58]",C:\MaaY\tools\analytics\bag-items-extracted\彩纹盾-bag.png
written,铁胎弓,0.998225,C:\MaaY\tools\analytics\bag-items-sample-1.png,4,1,铁胎弓,"[87, 1016, 58, 25]","[83, 920, 70, 58]",C:\MaaY\tools\analytics\bag-items-extracted\铁胎弓-bag.png
written,蜻蜓眼,0.999595,C:\MaaY\tools\analytics\bag-items-sample-1.png,4,2,蜻蜓眼,"[255, 1016, 59, 25]","[251, 920, 70, 58]",C:\MaaY\tools\analytics\bag-items-extracted\蜻蜓眼-bag.png
written,紫云英,0.999194,C:\MaaY\tools\analytics\bag-items-sample-1.png,4,3,紫云英,"[423, 1015, 61, 25]","[419, 919, 70, 58]",C:\MaaY\tools\analytics\bag-items-extracted\紫云英-bag.png
written,瑛琼瑶,0.96993,C:\MaaY\tools\analytics\bag-items-sample-1.png,4,4,瑛琼瑶,"[593, 1018, 59, 22]","[587, 922, 70, 58]",C:\MaaY\tools\analytics\bag-items-extracted\瑛琼瑶-bag.png
written,金错刀,0.998816,C:\MaaY\tools\analytics\bag-items-sample-2.png,1,1,金错刀,"[87, 419, 58, 25]","[83, 323, 70, 58]",C:\MaaY\tools\analytics\bag-items-extracted\金错刀-bag.png
written,低光荷,0.999882,C:\MaaY\tools\analytics\bag-items-sample-2.png,1,2,低光荷,"[256, 419, 59, 25]","[251, 323, 70, 58]",C:\MaaY\tools\analytics\bag-items-extracted\低光荷-bag.png
written,鸢羽,0.995385,C:\MaaY\tools\analytics\bag-items-sample-2.png,1,3,鸢羽,"[433, 418, 43, 27]","[419, 322, 70, 58]",C:\MaaY\tools\analytics\bag-items-extracted\鸢羽-bag.png
written,蒹葭,0.995776,C:\MaaY\tools\analytics\bag-items-sample-2.png,1,4,蒹葭,"[601, 418, 44, 27]","[587, 322, 70, 58]",C:\MaaY\tools\analytics\bag-items-extracted\蒹葭-bag.png
written,星汉镜,0.998657,C:\MaaY\tools\analytics\bag-items-sample-2.png,2,1,星汉镜,"[87, 608, 57, 22]","[83, 512, 70, 58]",C:\MaaY\tools\analytics\bag-items-extracted\星汉镜-bag.png
written,水镜,0.998331,C:\MaaY\tools\analytics\bag-items-sample-2.png,2,2,水镜,"[265, 608, 42, 24]","[251, 512, 70, 58]",C:\MaaY\tools\analytics\bag-items-extracted\水镜-bag.png
written,悲回风扇,0.999509,C:\MaaY\tools\analytics\bag-items-sample-2.png,2,3,悲回风扇,"[416, 609, 77, 23]","[419, 513, 70, 58]",C:\MaaY\tools\analytics\bag-items-extracted\悲回风扇-bag.png
written,仙门扇,0.999857,C:\MaaY\tools\analytics\bag-items-sample-2.png,2,4,仙门扇,"[593, 608, 59, 25]","[587, 512, 70, 58]",C:\MaaY\tools\analytics\bag-items-extracted\仙门扇-bag.png
written,木兰坠露,0.997895,C:\MaaY\tools\analytics\bag-items-sample-2.png,3,1,木兰坠露,"[78, 796, 78, 24]","[83, 700, 70, 58]",C:\MaaY\tools\analytics\bag-items-extracted\木兰坠露-bag.png
written,霸王泪,0.997618,C:\MaaY\tools\analytics\bag-items-sample-2.png,3,2,霸王泪,"[255, 796, 59, 25]","[251, 700, 70, 58]",C:\MaaY\tools\analytics\bag-items-extracted\霸王泪-bag.png
written,宝石镜,0.995867,C:\MaaY\tools\analytics\bag-items-sample-2.png,3,3,宝石镜,"[423, 796, 61, 25]","[419, 700, 70, 58]",C:\MaaY\tools\analytics\bag-items-extracted\宝石镜-bag.png
written,鎏金镜,0.994723,C:\MaaY\tools\analytics\bag-items-sample-2.png,3,4,鎏金镜,"[592, 796, 61, 25]","[587, 700, 70, 58]",C:\MaaY\tools\analytics\bag-items-extracted\鎏金镜-bag.png
written,羽扇,0.997947,C:\MaaY\tools\analytics\bag-items-sample-2.png,4,1,羽扇,"[96, 985, 40, 24]","[83, 889, 70, 58]",C:\MaaY\tools\analytics\bag-items-extracted\羽扇-bag.png
written,金丝扇,0.993905,C:\MaaY\tools\analytics\bag-items-sample-2.png,4,2,金丝扇,"[256, 986, 57, 22]","[251, 890, 70, 58]",C:\MaaY\tools\analytics\bag-items-extracted\金丝扇-bag.png
written,灵山泉,0.999611,C:\MaaY\tools\analytics\bag-items-sample-2.png,4,3,灵山泉,"[425, 986, 58, 22]","[419, 890, 70, 58]",C:\MaaY\tools\analytics\bag-items-extracted\灵山泉-bag.png
written,百末旨酒,0.999813,C:\MaaY\tools\analytics\bag-items-sample-2.png,4,4,百末旨酒,"[584, 985, 79, 24]","[587, 889, 70, 58]",C:\MaaY\tools\analytics\bag-items-extracted\百末旨酒-bag.png
written,六博镜,0.99253,C:\MaaY\tools\analytics\bag-items-sample-3.png,1,1,六博镜,"[86, 414, 60, 25]","[83, 318, 70, 58]",C:\MaaY\tools\analytics\bag-items-extracted\六博镜-bag.png
written,铜镜,0.988229,C:\MaaY\tools\analytics\bag-items-sample-3.png,1,2,铜镜,"[265, 413, 42, 27]","[251, 317, 70, 58]",C:\MaaY\tools\analytics\bag-items-extracted\铜镜-bag.png
written,翠扇,0.999613,C:\MaaY\tools\analytics\bag-items-sample-3.png,1,3,翠扇,"[433, 413, 42, 27]","[419, 317, 70, 58]",C:\MaaY\tools\analytics\bag-items-extracted\翠扇-bag.png
written,绢扇,0.996692,C:\MaaY\tools\analytics\bag-items-sample-3.png,1,4,绢扇,"[601, 413, 43, 27]","[587, 317, 70, 58]",C:\MaaY\tools\analytics\bag-items-extracted\绢扇-bag.png
written,清酒,0.999697,C:\MaaY\tools\analytics\bag-items-sample-3.png,2,1,清酒,"[95, 602, 43, 27]","[83, 506, 70, 58]",C:\MaaY\tools\analytics\bag-items-extracted\清酒-bag.png
written,浊酒,0.999698,C:\MaaY\tools\analytics\bag-items-sample-3.png,2,2,浊酒,"[265, 602, 42, 27]","[251, 506, 70, 58]",C:\MaaY\tools\analytics\bag-items-extracted\浊酒-bag.png
written,解殃瓶,0.99992,C:\MaaY\tools\analytics\bag-items-sample-3.png,2,3,解殃瓶,"[425, 603, 58, 22]","[419, 507, 70, 58]",C:\MaaY\tools\analytics\bag-items-extracted\解殃瓶-bag.png
written,功过格,0.999943,C:\MaaY\tools\analytics\bag-items-sample-3.png,2,4,功过格,"[593, 604, 59, 22]","[587, 508, 70, 58]",C:\MaaY\tools\analytics\bag-items-extracted\功过格-bag.png
written,金算筹,0.998233,C:\MaaY\tools\analytics\bag-items-sample-3.png,3,1,金算筹,"[87, 791, 59, 25]","[83, 695, 70, 58]",C:\MaaY\tools\analytics\bag-items-extracted\金算筹-bag.png
written,骨算筹,0.99904,C:\MaaY\tools\analytics\bag-items-sample-3.png,3,2,骨算筹,"[256, 791, 59, 25]","[251, 695, 70, 58]",C:\MaaY\tools\analytics\bag-items-extracted\骨算筹-bag.png
written,解谪瓶,0.99828,C:\MaaY\tools\analytics\bag-items-sample-3.png,3,3,解谪瓶,"[424, 791, 61, 25]","[419, 695, 70, 58]",C:\MaaY\tools\analytics\bag-items-extracted\解谪瓶-bag.png
written,善恶簿,0.998802,C:\MaaY\tools\analytics\bag-items-sample-3.png,3,4,善恶簿,"[593, 791, 60, 25]","[587, 695, 70, 58]",C:\MaaY\tools\analytics\bag-items-extracted\善恶簿-bag.png
written,解注瓶,0.999232,C:\MaaY\tools\analytics\bag-items-sample-3.png,4,1,解注瓶,"[86, 979, 59, 25]","[83, 883, 70, 58]",C:\MaaY\tools\analytics\bag-items-extracted\解注瓶-bag.png
written,怀阴金锁,0.999621,C:\MaaY\tools\analytics\bag-items-sample-3.png,4,2,怀阴金锁,"[247, 980, 78, 24]","[251, 884, 70, 58]",C:\MaaY\tools\analytics\bag-items-extracted\怀阴金锁-bag.png
written,阳明金锁,0.99936,C:\MaaY\tools\analytics\bag-items-sample-3.png,4,3,阳明金锁,"[415, 980, 79, 24]","[419, 884, 70, 58]",C:\MaaY\tools\analytics\bag-items-extracted\阳明金锁-bag.png
written,天风金锁,0.999529,C:\MaaY\tools\analytics\bag-items-sample-3.png,4,4,天风金锁,"[584, 980, 79, 24]","[587, 884, 70, 58]",C:\MaaY\tools\analytics\bag-items-extracted\天风金锁-bag.png
written,火源金锁,0.999915,C:\MaaY\tools\analytics\bag-items-sample-4.png,1,1,火源金锁,"[78, 424, 78, 25]","[83, 328, 70, 58]",C:\MaaY\tools\analytics\bag-items-extracted\火源金锁-bag.png
written,水心金锁,0.999534,C:\MaaY\tools\analytics\bag-items-sample-4.png,1,2,水心金锁,"[246, 424, 79, 25]","[251, 328, 70, 58]",C:\MaaY\tools\analytics\bag-items-extracted\水心金锁-bag.png
written,载地金锁,0.999805,C:\MaaY\tools\analytics\bag-items-sample-4.png,1,3,载地金锁,"[415, 424, 79, 25]","[419, 328, 70, 58]",C:\MaaY\tools\analytics\bag-items-extracted\载地金锁-bag.png
